{"cameraMode":{"drawMode":0,"name":"Shaded","section":"Shading Mode"},"sceneLighting":false,"audioPlay":false,"sceneViewState":{"m_AlwaysRefresh":false,"showFog":true,"showSkybox":false,"showFlares":true,"showImageEffects":true,"showParticleSystems":true,"showVisualEffectGraphs":true,"m_FxEnabled":true},"in2DMode":false,"pivot":{"x":-0.18574200570583344,"y":0.800406277179718,"z":0.35814687609672549},"rotation":{"x":-0.11091765761375427,"y":0.16967256367206574,"z":-0.019222939386963846,"w":-0.979055643081665},"size":0.3073950409889221,"orthographic":false}